album_id,release_date,track_name,track_number,explicit,tempo,energy,danceability,duration_min,time_signature,valence,acousticness,instrumentalness,liveness,loudness,speechiness,full_key,listeners,playcount,track_id
1,2006-10-24,tim mcgraw,1,False,76.009,49.1,57.99999999999999,3.86845,4/4,42.5,57.49999999999999,0.0,12.1,-6.462,2.51,C Major,557218,5558508,1
1,2006-10-24,picture to burn,2,False,105.586,87.7,65.8,2.88445,4/4,82.1,17.299999999999997,0.0,9.62,-2.098,3.2300000000000004,G Major,718799,8906171,2
1,2006-10-24,teardrops on my guitar radio single remix,3,False,99.953,41.7,62.1,3.384,4/4,28.9,28.8,0.0,11.9,-6.941,2.31,Bb Major,441702,4291580,3
1,2006-10-24,a place in this world,4,False,115.028,77.7,57.6,3.32,4/4,42.8,5.1,0.0,32.0,-2.881,3.24,A Major,395849,3532895,4
1,2006-10-24,cold as you,5,False,175.558,48.2,41.8,3.98355,4/4,26.1,21.7,0.0,12.3,-5.769,2.66,F Major,394073,3926967,5
1,2006-10-24,the outside,6,False,112.982,80.5,58.9,3.451783333333333,4/4,59.1,0.491,0.0,24.0,-4.055,2.93,F Major,341395,3065845,6
1,2006-10-24,tied together with a smile,7,False,146.165,57.8,47.9,4.135116666666667,4/4,19.2,52.5,0.0,8.41,-4.963,2.94,D Major,337653,3045791,7
1,2006-10-24,stay beautiful,8,False,131.597,62.9,59.4,3.9342166666666665,4/4,50.4,8.68,0.0,13.7,-4.919,2.46,Ab Major,353394,3093205,8
1,2006-10-24,should've said no,9,False,167.964,77.7,47.6,4.036666666666667,4/4,47.2,1.03,0.0,19.6,-3.771,2.89,E Minor,569623,6449485,9
1,2006-10-24,mary's song,10,False,74.9,62.7,40.3,3.551333333333333,4/4,37.4,1.77,0.0,18.2,-5.28,2.92,D Major,359934,3889085,10
1,2006-10-24,our song,11,False,89.011,67.2,66.8,3.351783333333333,4/4,53.900000000000006,11.1,0.0,32.9,-4.931,3.03,D Major,912379,10693226,11
1,2006-10-24,i'm only me when i'm with you,12,False,143.964,93.4,56.3,3.550883333333333,4/4,51.8,0.4519999999999999,0.0807,10.3,-3.629,6.460000000000001,Ab Major,376028,3811083,12
1,2006-10-24,invisible,13,False,96.001,39.4,61.2,3.3871166666666666,4/4,23.3,63.7,0.0,14.7,-5.723,2.43,G Major,304201,2757328,13
1,2006-10-24,a perfectly good heart,14,False,156.092,75.1,48.3,3.6691166666666666,4/4,26.8,0.349,0.0,12.8,-5.726,3.65,E Major,267459,2223658,14
1,2006-10-24,teardrops on my guitar pop version,15,False,199.997,75.3,45.9,2.98445,4/4,48.3,4.02,0.0,8.63,-3.827,5.37,Bb Major,183095,1263117,15
2,2008-11-11,jump then fall,1,False,160.111,69.0,57.2,3.959666666666666,4/4,62.4,4.74,0.0,8.97,-6.201,3.58,D Major,302829,3742610,16
2,2008-11-11,untouchable,2,False,200.391,53.1,39.3,5.201783333333333,4/4,22.4,1.81,0.0,16.900000000000002,-6.112,3.29,F Major,316271,4027448,17
2,2008-11-11,come in with the rain,4,False,143.929,56.39999999999999,47.6,3.95565,4/4,16.7,4.06,0.0,10.2,-5.677,2.69,D Major,257821,2764515,18
2,2008-11-11,superstar,5,False,171.862,55.50000000000001,45.4,4.39775,4/4,17.1,15.7,0.0,34.300000000000004,-6.69,2.83,D Major,241098,2403207,19
2,2008-11-11,the other side of the door,6,False,163.936,87.3,43.2,3.974066666666667,4/4,62.9,2.79,0.0,16.7,-4.367,5.7700000000000005,E Major,337909,5867881,20
2,2008-11-11,fearless,7,False,100.118,74.1,56.89999999999999,4.026533333333333,4/4,43.0,1.22,0.0,33.300000000000004,-4.963,2.82,F Major,635257,11855363,21
2,2008-11-11,fifteen,8,False,95.466,64.60000000000001,55.900000000000006,4.906983333333334,4/4,28.9,11.6,0.0,32.0,-4.61,2.72,G Major,536530,3871682,22
2,2008-11-11,love story,9,False,119.054,79.2,62.7,3.92945,4/4,41.5,13.0,0.000397,8.450000000000001,-4.311,3.1,D Major,1497926,14389570,23
2,2008-11-11,hey stephen,10,False,115.99,57.1,78.8,4.237583333333333,4/4,79.7,10.6,0.0,9.34,-6.135,2.96,F# Major,392218,3045080,24
2,2008-11-11,white horse,11,False,185.262,51.7,42.3,3.9086,4/4,36.6,36.9,0.0,17.7,-7.377,4.859999999999999,C Major,520148,4263993,25
2,2008-11-11,you belong with me,12,False,130.033,77.3,63.2,3.8520666666666665,4/4,47.4,6.23,0.0,8.85,-4.856,3.46,F# Major,1437246,13776817,26
2,2008-11-11,breathe,13,False,148.035,62.6,50.6,4.389616666666667,4/4,32.1,15.6,0.0,22.8,-6.066,2.87,C# Major,355656,2546144,27
2,2008-11-11,tell me why,14,False,100.023,90.9,57.8,3.3429333333333333,4/4,54.1,2.22,0.0,33.300000000000004,-3.669,6.279999999999999,G Major,337315,2409331,28
2,2008-11-11,you're not sorry,15,False,133.873,44.4,50.6,4.36405,4/4,24.1,5.38,0.0,12.3,-4.99,2.85,F# Major,371957,2990414,29
2,2008-11-11,the way i loved you,16,False,161.032,73.2,40.2,4.0522833333333335,4/4,47.2,0.33,0.0,10.8,-4.665,4.84,F Major,713635,13128280,30
2,2008-11-11,forever and always,17,False,128.03,82.1,59.8,3.7554666666666665,4/4,67.30000000000001,2.31,0.0,14.3,-4.433,4.47,Bb Major,417795,6546250,31
2,2008-11-11,the best day,18,False,125.0,57.6,64.2,4.088166666666667,4/4,46.9,48.8,0.0,15.9,-8.524,2.82,C# Major,324638,2212983,32
2,2008-11-11,change,19,False,95.999,81.5,49.9,4.656,4/4,34.4,0.0191,0.0,18.1,-4.063,3.41,F Major,305118,2155119,33
3,2010-10-25,mine,1,False,121.101,79.3,64.7,3.861783333333333,4/4,50.0,0.314,0.000193,17.4,-2.903,3.63,G Major,716242,7942318,34
3,2010-10-25,sparks fly,2,False,114.921,76.9,60.5,4.35385,4/4,36.6,2.41,0.0,9.36,-2.413,3.2,F Major,617014,7980237,35
3,2010-10-25,back to december,3,False,141.868,63.5,48.6,4.9031666666666665,4/4,23.5,0.705,0.0,11.9,-3.994,2.78,D Major,828423,10508129,36
3,2010-10-25,speak now,4,False,119.002,68.60000000000001,73.4,4.041216666666666,4/4,59.8,22.5,0.0,13.6,-2.926,3.49,G Major,571922,6935496,37
3,2010-10-25,dear john,5,False,119.447,46.8,37.9,6.765116666666667,3/4,11.5,3.27,0.0,15.8,-5.07,2.98,E Major,534594,6476733,38
3,2010-10-25,mean,6,False,163.949,70.0,52.6,3.9782166666666665,4/4,59.6,32.1,0.0,21.3,-3.95,3.92,E Major,685454,6683054,39
3,2010-10-25,the story of us,7,False,139.787,78.4,51.6,4.460883333333333,4/4,55.2,0.136,0.0,4.99,-2.636,5.63,E Major,595618,7697032,40
3,2010-10-25,never grow up,8,False,125.054,33.900000000000006,68.4,4.882,4/4,57.2,86.7,0.0,19.4,-7.259,2.9000000000000004,D Major,415464,3399540,41
3,2010-10-25,enchanted,9,False,81.949,55.3,52.0,5.88755,4/4,22.7,1.6,0.0,16.5,-3.546,2.69,Ab Major,992530,16306668,42
3,2010-10-25,better than revenge,10,False,145.913,89.3,50.5,3.671783333333333,4/4,65.9,0.0795,0.0,17.8,-3.013,7.71,B Minor,699549,9869833,43
3,2010-10-25,innocent,11,False,133.583,61.1,52.400000000000006,5.020366666666667,4/4,12.6,9.72,0.0,12.7,-5.298,2.97,C# Minor,382435,3520797,44
3,2010-10-25,haunted,12,False,162.025,91.6,44.0,4.090216666666667,4/4,37.1,0.5519999999999999,0.0,25.2,-1.927,6.29,F Major,500258,6682962,45
3,2010-10-25,last kiss,13,False,79.573,36.2,55.7,6.152,3/4,18.7,44.3,0.000357,10.0,-8.641,2.63,Bb Major,488470,6085813,46
3,2010-10-25,long live,14,False,203.826,62.8,38.0,5.299333333333333,4/4,9.84,1.62,0.0,22.7,-4.054,3.8,C Major,486941,5790436,47
3,2010-10-25,ours,15,False,159.824,47.5,53.900000000000006,3.93005,4/4,29.3,42.0,0.0,10.9,-8.411,2.87,C Major,355715,3202883,48
3,2010-10-25,superman,17,False,131.898,73.3,53.7,4.582416666666667,4/4,34.7,0.207,0.0,11.0,-3.506,3.02,G Major,316059,2993586,49
4,2012-10-22,state of grace,1,False,129.958,71.3,59.4,4.92355,4/4,32.800000000000004,0.0328,0.0,11.4,-5.314,5.029999999999999,A Major,548747,9098339,50
4,2012-10-22,red,2,False,125.047,77.7,51.6,3.7182166666666654,4/4,40.8,0.108,0.000162,7.61,-4.908,3.75,C# Minor,779206,14480442,51
4,2012-10-22,treacherous,3,False,109.984,59.3,64.5,4.045333333333334,4/4,29.9,3.44,0.0127,13.0,-6.506,2.88,D Major,514463,8435217,52
4,2012-10-22,i knew you were trouble,4,False,154.008,55.7,58.4,3.6626666666666665,4/4,76.7,1.29,0.0,5.76,-6.371,3.42,F# Major,1206179,10931011,53
4,2012-10-22,all too well,5,False,185.972,52.8,44.0,5.486,4/4,13.2,1.71,0.203,23.4,-7.809,3.17,C Major,969915,29046310,54
4,2012-10-22,22,6,False,103.984,69.5,64.2,3.8493333333333335,4/4,64.2,0.0443,0.00102,7.53,-5.62,2.81,G Major,909023,8116722,55
4,2012-10-22,i almost do,7,False,145.88,55.900000000000006,51.1,4.07645,4/4,24.8,1.67,0.0,11.3,-6.587,2.64,E Major,471351,6299915,56
4,2012-10-22,we are never ever getting back together,8,False,172.014,68.60000000000001,56.7,3.219116666666667,4/4,71.6,3.17,0.000186,7.32,-6.139,17.5,G Major,1210938,11691239,57
4,2012-10-22,stay stay stay,9,False,100.02,68.10000000000001,69.3,3.4297833333333334,4/4,66.3,8.48,0.0,7.68,-7.039,2.5,C Major,441643,5001099,58
4,2012-10-22,the last time,10,False,94.05,53.400000000000006,50.2,4.984666666666667,4/4,15.5,3.99,0.0,9.77,-5.954,2.78,D Major,471028,8029310,59
4,2012-10-22,holy ground,11,False,156.894,80.9,62.2,3.3826666666666667,4/4,51.1,2.88,0.218,10.9,-5.623,6.38,A Major,449359,7226150,60
4,2012-10-22,sad beautiful tragic,12,False,130.059,40.6,60.1,4.746216666666666,3/4,23.200000000000003,62.2,0.00919,13.3,-11.827,2.75,G Major,489604,7502659,61
4,2012-10-22,the lucky one,13,False,117.889,57.1,68.60000000000001,4.007783333333333,4/4,53.8,6.6000000000000005,0.0,6.08,-7.138,5.0,E Major,433945,5751054,62
4,2012-10-22,everything has changed,14,False,79.918,61.0,49.8,4.09045,4/4,47.4,27.1,0.0,22.3,-5.098,3.63,F# Major,513666,6446762,63
4,2012-10-22,starlight,15,False,126.014,68.5,62.8,3.67355,4/4,60.5,0.3239999999999999,0.0,18.0,-5.864,3.58,E Major,407889,5051292,64
4,2012-10-22,begin again,16,False,78.915,52.7,51.9,3.981116666666667,4/4,26.700000000000003,7.5,0.0,13.2,-7.673,2.74,G Major,480543,7818478,65
4,2012-10-22,the moment i knew,17,False,125.952,40.2,63.6,4.754666666666667,4/4,20.8,4.94,0.0,10.7,-7.855,3.1,G Major,388652,5241257,66
4,2012-10-22,come back be here,18,False,79.846,63.2,46.0,3.7222166666666654,4/4,39.900000000000006,1.58,0.0,8.219999999999999,-6.031,3.02,E Major,451296,7345404,67
4,2012-10-22,girl at home,19,False,125.089,73.6,69.1,3.675333333333333,4/4,61.2,0.955,0.00188,10.1,-6.974,3.26,F Major,366527,4469575,68
5,2014-10-27,welcome to new york,1,False,116.989,60.2,76.0,3.543333333333333,4/4,68.5,0.661,0.0133,32.5,-4.871,3.16,G Major,701925,8520545,69
5,2014-10-27,blank space,2,False,96.035,71.89999999999999,73.2,3.863883333333333,4/4,71.0,9.01,0.0,33.1,-5.469,6.45,C Major,1831392,28199068,70
5,2014-10-27,style,3,False,94.884,82.1,51.4,3.85,4/4,29.8,0.0456,2.32,9.46,-4.803,4.44,G Major,1595281,34101657,71
5,2014-10-27,out of the woods,4,False,91.981,88.4,54.400000000000006,3.93,4/4,18.4,0.0466,0.0134,38.1,-5.973,3.83,G Major,800099,14702338,72
5,2014-10-27,all you had to do was stay,5,False,97.069,71.3,58.9,3.221483333333333,4/4,54.0,0.0778,0.0,18.8,-5.614,3.08,C Major,671264,10321260,73
5,2014-10-27,shake it off,6,False,160.052,80.5,63.2,3.653483333333333,4/4,90.3,1.12,0.00251,15.6,-5.707,6.9,G Major,1626826,18819488,74
5,2014-10-27,i wish you would,7,False,118.032,85.3,67.10000000000001,3.460833333333333,4/4,52.3,0.388,0.000948,8.12,-6.568,4.17,C Major,611116,8836929,75
5,2014-10-27,bad blood,8,False,169.999,71.1,62.4,3.5184,4/4,34.7,3.69,0.000313,19.0,-6.347,15.9,G Major,1176253,14236568,76
5,2014-10-27,wildest dreams,9,False,139.993,66.3,58.7,3.673883333333333,4/4,53.900000000000006,3.4799999999999995,0.00995,9.71,-7.439,5.98,Ab Major,1238264,15707359,77
5,2014-10-27,how you get the girl,10,False,120.014,67.0,76.1,4.12555,4/4,51.9,0.198,0.00108,8.73,-5.956,5.37,F Major,620673,8406077,78
5,2014-10-27,this love,11,False,144.039,49.4,47.0,4.168333333333333,4/4,5.24,30.2,0.0,6.72,-8.672,3.49,E Major,657595,12704687,79
5,2014-10-27,i know places,12,False,160.015,80.7,57.2,3.2616666666666667,4/4,62.6,8.459999999999999,0.0,7.1,-5.348,5.74,C Major,573262,8476102,80
5,2014-10-27,clean,13,False,103.99,37.9,78.2,4.516666666666667,4/4,26.700000000000003,29.7,0.00298,10.3,-8.964,3.03,E Major,620027,10559644,81
5,2014-10-27,wonderland,14,False,123.18,70.3,38.7,4.092783333333333,5/4,32.0,1.05,0.0011,12.8,-5.956,5.45,Eb Major,522153,7890926,82
5,2014-10-27,you are in love,15,False,85.079,50.9,55.400000000000006,4.456483333333333,4/4,40.1,57.2,0.000208,11.3,-9.403,4.55,D Major,505788,7795704,83
5,2014-10-27,new romantics,16,False,122.017,84.8,65.3,3.8363,4/4,72.39999999999999,0.516,0.000424,7.979999999999999,-5.936,5.83,F Major,751086,14660174,84
6,2017-11-10,ready for it,1,False,160.015,76.4,61.3,3.469783333333333,4/4,41.7,5.27,0.0,19.7,-6.509,13.6,D Major,995992,21734534,85
6,2017-11-10,end game,2,False,159.073,58.9,64.9,4.08045,4/4,15.1,0.845,0.0,10.8,-6.237,5.58,D Major,766105,13869460,86
6,2017-11-10,i did something bad,3,False,82.989,60.2,69.6,3.9708833333333335,4/4,30.5,6.79,0.00211,6.959999999999999,-6.156,15.9,C Minor,841199,17440358,87
6,2017-11-10,don't blame me,4,False,135.917,53.400000000000006,61.5,3.940216666666666,4/4,19.3,10.6,0.00176,6.069999999999999,-6.719,3.86,A Minor,1256608,26760630,88
6,2017-11-10,delicate,5,False,95.045,40.400000000000006,75.0,3.8708833333333335,4/4,4.99,21.6,0.0357,9.11,-10.178,6.819999999999999,A Minor,1105497,26575510,89
6,2017-11-10,look what you made me do,6,False,128.07,70.89999999999999,76.6,3.530883333333333,4/4,50.6,20.4,0.00141,12.6,-6.471,12.3,A Minor,1232979,23196568,90
6,2017-11-10,so it goes,7,False,74.957,61.0,57.4,3.79845,4/4,37.4,12.2,0.00011,13.0,-7.283,7.32,D Major,604572,12184901,91
6,2017-11-10,gorgeous,8,False,92.027,53.5,80.0,3.494666666666667,4/4,45.1,7.13,0.000948,21.3,-6.684,13.5,G Major,833960,15859368,92
6,2017-11-10,getaway car,9,False,172.054,68.89999999999999,56.2,3.893783333333333,4/4,35.099999999999994,0.4649999999999999,0.0002229999999999,8.88,-6.745,12.7,D Major,978995,26424404,93
6,2017-11-10,king of my heart,10,False,110.01,70.3,67.5,3.572,4/4,31.4,0.882,0.000221,3.91,-7.902,3.82,C Major,666961,15503589,94
6,2017-11-10,dancing with our hands tied,11,False,160.024,69.1,62.4,3.5251166666666665,4/4,28.4,6.04,0.0011,13.8,-6.686,19.6,C Minor,679961,15694361,95
6,2017-11-10,dress,12,False,120.085,46.9,71.89999999999999,3.83955,4/4,8.51,3.29,0.0,16.900000000000002,-8.792,5.33,C Major,799101,19178572,96
6,2017-11-10,this is why we can't have nice things,13,False,163.96,78.9,56.7,3.4522166666666667,4/4,43.8,1.5599999999999998,0.0,38.2,-5.986,11.5,F Major,538096,8907413,97
6,2017-11-10,call it what you want,14,False,163.954,50.4,59.8,3.391783333333333,4/4,25.2,18.6,0.0221,34.0,-9.874,7.31,A Major,774022,20717213,98
6,2017-11-10,new year's day,15,False,94.922,15.1,66.10000000000001,3.92445,4/4,23.0,92.1,0.0,13.0,-12.864,3.54,C Major,593453,12122885,99
7,2019-08-23,i forgot that you existed,1,False,92.875,31.6,66.4,2.844,4/4,54.1,29.8,0.000203,8.12,-10.345,51.9,F Major,622610,8720248,100
7,2019-08-23,cruel summer,2,False,169.994,70.19999999999999,55.2,2.973783333333333,4/4,56.39999999999999,11.7,0.0020599999999999,10.5,-5.707,15.7,A Major,1692050,49093387,101
7,2019-08-23,lover,3,False,68.534,54.3,35.9,3.68845,4/4,45.3,49.2,0.00158,11.8,-7.582,9.19,G Major,1348399,27525114,102
7,2019-08-23,the man,4,False,110.048,65.8,77.7,3.1726666666666667,4/4,63.3,7.670000000000001,0.0,9.01,-5.191,5.4,C Major,966606,18567339,103
7,2019-08-23,the archer,5,False,124.344,57.4,29.2,3.5206666666666666,4/4,16.6,12.0,0.569,6.63,-9.375,4.01,C Major,809401,19836418,104
7,2019-08-23,i think he knows,6,False,100.003,36.6,89.7,2.8897833333333334,4/4,41.6,0.889,0.0353,7.15,-8.029,5.69,C Major,645451,13214367,105
7,2019-08-23,miss americana and the heartbreak prince,7,False,150.088,74.7,66.2,3.90245,4/4,48.7,2.8000000000000003,0.615,13.8,-6.926,7.359999999999999,B Minor,763208,17478827,106
7,2019-08-23,paper rings,8,False,103.979,71.89999999999999,81.10000000000001,3.7066666666666666,4/4,86.5,1.29,0.00136,7.42,-6.553,4.97,A Major,934794,17659518,107
7,2019-08-23,cornelia street,9,False,102.012,62.4,82.39999999999999,4.7877833333333335,4/4,24.8,78.10000000000001,0.0189,10.0,-9.728,8.27,C Major,680532,14427855,108
7,2019-08-23,death by a thousand cuts,10,False,94.071,73.2,71.2,3.308883333333333,4/4,31.3,45.4,0.0,31.9,-6.754,6.29,E Major,642753,15074090,109
7,2019-08-23,london boy,11,False,157.925,71.0,69.5,3.1706666666666665,4/4,55.7,2.46,0.0104,13.3,-6.639,5.0,C# Major,670958,12282178,110
7,2019-08-23,soon you'll get better,12,False,207.476,18.2,43.3,3.359783333333333,4/4,42.1,90.7,0.0,12.3,-12.566,6.41,C Major,424134,4607897,111
7,2019-08-23,false god,13,False,79.97,32.0,73.9,3.33845,4/4,35.099999999999994,73.6,0.0147,11.1,-10.862,23.9,B Minor,715725,17152842,112
7,2019-08-23,you need to calm down,14,False,85.026,67.10000000000001,77.10000000000001,2.856,4/4,71.39999999999999,0.929,0.0,6.370000000000001,-5.617,5.53,D Major,911722,15227048,113
7,2019-08-23,afterglow,15,False,111.011,44.9,75.6,3.72155,4/4,39.900000000000006,13.0,0.0,11.4,-8.746,3.44,A Major,759025,16587894,114
7,2019-08-23,me,16,False,182.162,83.0,61.0,3.216666666666667,4/4,72.8,3.3000000000000003,0.0,11.8,-4.105,5.71,C Major,809724,11745185,115
7,2019-08-23,it's nice to have a friend,17,False,70.008,17.5,73.7,2.5073333333333334,4/4,54.50000000000001,97.1,0.0337,17.1,-9.912,4.01,Bb Major,478195,6596995,116
7,2019-08-23,daylight,18,False,149.983,49.6,55.7,4.890883333333333,4/4,26.5,80.80000000000001,0.0173,7.720000000000001,-9.602,5.63,C Major,802035,18081762,117
8,2020-08-18,the 1,1,True,139.902,36.1,78.0,3.504,4/4,16.3,75.0,0.000714,10.8,-6.942,4.8,C Major,985144,27677123,118
8,2020-08-18,cardigan,2,False,130.045,57.99999999999999,61.2,3.9926666666666666,4/4,53.400000000000006,52.5,0.0414,26.0,-8.572,4.19,C Minor,1547779,45020884,119
8,2020-08-18,the last great american dynasty,3,True,147.991,65.3,68.8,3.85,4/4,70.1,48.1,0.414,10.6,-8.558,4.03,G Major,827940,18875668,120
8,2020-08-18,exile,4,False,75.938,37.4,31.0,4.760666666666666,4/4,16.0,76.1,0.00246,11.0,-8.464,2.75,F# Major,1072386,26097836,121
8,2020-08-18,my tears ricochet,5,False,129.947,26.5,45.6,4.264883333333334,4/4,11.2,81.39999999999999,0.0,6.79,-10.663,3.28,C Major,1040523,30515821,122
8,2020-08-18,mirrorball,6,False,110.137,41.7,54.900000000000006,3.4828833333333336,4/4,34.7,68.60000000000001,0.00019,6.04,-10.064,3.5000000000000004,G Major,968343,27517779,123
8,2020-08-18,seven,7,False,94.955,49.4,60.2,3.481783333333333,4/4,37.4,88.8,0.00259,9.02,-10.813,2.77,E Major,848491,22537313,124
8,2020-08-18,august,8,False,89.567,63.4,38.7,4.365333333333333,4/4,42.0,55.3,0.00693,9.31,-9.222,3.63,F Major,1375254,42931768,125
8,2020-08-18,this is me trying,9,False,135.882,47.8,51.1,3.251783333333333,4/4,40.8,31.2,0.0023,14.7,-9.837,3.22,A Major,948191,28785467,126
8,2020-08-18,illicit affairs,10,False,119.58,30.4,52.900000000000006,3.18155,4/4,44.0,86.2,0.0,10.8,-10.567,3.56,Bb Major,888739,25413086,127
8,2020-08-18,invisible string,11,False,83.455,45.9,65.10000000000001,4.214666666666667,4/4,45.4,85.9,0.00663,10.5,-11.128,5.07,E Minor,865450,20077334,128
8,2020-08-18,mad woman,12,True,141.898,70.0,59.3,3.95445,4/4,45.1,67.0,0.000677,11.6,-9.016,4.92,Eb Major,671936,12813487,129
8,2020-08-18,epiphany,13,False,93.933,25.4,31.7,4.829116666666667,4/4,10.3,72.7,0.0326,8.67,-13.679,2.86,C# Major,624921,10676984,130
8,2020-08-18,betty,14,True,95.946,37.6,59.5,4.908666666666667,4/4,47.6,58.9,0.0,9.89,-8.767,2.56,C Major,774978,17482404,131
8,2020-08-18,peace,15,True,150.072,28.4,64.4,3.9,4/4,32.800000000000004,91.6,0.0015,9.09,-12.879,8.21,F Major,664739,13854160,132
8,2020-08-18,hoax,16,False,118.84,17.8,67.60000000000001,3.667333333333333,4/4,40.400000000000006,96.4,0.00079,13.5,-15.01,3.94,Ab Major,642695,13704551,133
8,2020-08-18,the lakes bonus track,17,False,179.947,25.8,31.3,3.5302166666666666,4/4,26.8,84.2,0.00013,9.48,-11.532,3.83,D Major,517131,11339765,134
9,2021-01-07,willow,1,False,81.112,57.4,39.2,3.57845,4/4,52.900000000000006,83.3,0.179,14.499999999999998,-9.195,17.0,G Major,935773,20071440,135
9,2021-01-07,champagne problems,2,True,171.319,24.0,46.2,4.066666666666666,4/4,32.0,92.0,0.0,11.3,-12.077,3.77,C Major,886857,25584366,136
9,2021-01-07,gold rush,3,True,112.05,46.2,51.2,3.0886666666666667,4/4,35.3,83.0,16.6,12.1,-10.491,4.08,A Major,667300,17655355,137
9,2021-01-07,'tis the damn season,4,False,145.916,43.4,57.49999999999999,3.830666666666666,4/4,34.8,73.5,0.00659,10.5,-8.193,3.12,F Major,594567,14801195,138
9,2021-01-07,tolerate it,5,True,74.952,36.1,31.6,4.0906666666666665,5/4,22.1,87.8,0.0026699999999999,7.969999999999999,-10.381,4.88,A Major,702920,20414238,139
9,2021-01-07,no body no crime,6,False,79.015,61.3,54.6,3.5937833333333336,4/4,53.5,41.8,0.0,10.3,-7.589,2.64,G Minor,644041,12041964,140
9,2021-01-07,happiness,7,True,122.079,33.4,55.900000000000006,5.25245,4/4,21.1,87.0,0.0,11.4,-10.733,3.76,B Major,606534,13092314,141
9,2021-01-07,dorothea,8,False,119.966,48.8,60.5,3.764666666666667,4/4,35.4,69.6,0.0,12.9,-8.322,2.64,E Major,542573,10217702,142
9,2021-01-07,coney island,9,False,107.895,53.7,53.7,4.588666666666667,4/4,29.2,81.89999999999999,0.0904,14.2,-11.266,6.17,Ab Major,519219,10659549,143
9,2021-01-07,ivy,10,True,88.856,54.50000000000001,51.5,4.3406666666666665,4/4,53.5,85.5,0.00197,9.21,-9.277,3.53,D Major,584175,14699149,144
9,2021-01-07,cowboy like me,11,True,127.967,51.7,60.4,4.584,4/4,51.1,76.8,0.0155,12.3,-9.014,3.47,C Major,563053,15346733,145
9,2021-01-07,long story short,12,False,157.895,73.0,54.6,3.5986666666666665,4/4,57.3,66.0,17.9,9.72,-7.704,4.17,C Major,543635,11843892,146
9,2021-01-07,marjorie,13,False,96.103,56.10000000000001,53.5,4.296216666666667,4/4,28.7,87.6,0.0136,11.5,-11.609,4.84,F Major,589276,11976864,147
9,2021-01-07,closure,14,False,151.884,70.39999999999999,68.89999999999999,3.010883333333333,5/4,92.0,83.5,0.000483,13.4,-10.813,24.5,A Major,451968,7295909,148
9,2021-01-07,evermore,15,False,125.177,27.0,39.0,5.06845,5/4,32.0,93.7,0.2269999999999999,11.1,-10.673,3.08,C# Major,596895,12500944,149
9,2021-01-07,right where you left me bonus track,16,False,137.915,61.9,58.1,4.083783333333334,4/4,64.5,76.9,0.0106,11.7,-6.524,2.82,Bb Major,718824,21757498,150
9,2021-01-07,it's time to go bonus track,17,False,151.923,41.0,59.2,4.244,4/4,41.6,80.10000000000001,0.00139,9.0,-12.426,3.97,C Major,402756,7205729,151
10,2021-04-09,fearless,1,False,100.118,74.1,56.89999999999999,4.026533333333333,4/4,43.0,1.22,0.0,33.300000000000004,-4.963,2.82,F Major,635257,11855363,152
10,2021-04-09,fifteen,2,False,95.466,64.60000000000001,55.900000000000006,4.906983333333334,4/4,28.9,11.6,0.0,32.0,-4.61,2.72,G Major,536530,3871682,153
10,2021-04-09,love story,3,False,119.054,79.2,62.7,3.92945,4/4,41.5,13.0,0.000397,8.450000000000001,-4.311,3.1,D Major,1497926,14389570,154
10,2021-04-09,hey stephen,4,False,115.99,57.1,78.8,4.237583333333333,4/4,79.7,10.6,0.0,9.34,-6.135,2.96,F# Major,392218,3045080,155
10,2021-04-09,white horse,5,False,185.262,51.7,42.3,3.9086,4/4,36.6,36.9,0.0,17.7,-7.377,4.859999999999999,C Major,520148,4263993,156
10,2021-04-09,you belong with me,6,False,130.033,77.3,63.2,3.8520666666666665,4/4,47.4,6.23,0.0,8.85,-4.856,3.46,F# Major,1437246,13776817,157
10,2021-04-09,breathe,7,False,148.035,62.6,50.6,4.389616666666667,4/4,32.1,15.6,0.0,22.8,-6.066,2.87,C# Major,355656,2546144,158
10,2021-04-09,tell me why,8,False,100.023,90.9,57.8,3.3429333333333333,4/4,54.1,2.22,0.0,33.300000000000004,-3.669,6.279999999999999,G Major,337315,2409331,159
10,2021-04-09,you're not sorry,9,False,133.873,44.4,50.6,4.36405,4/4,24.1,5.38,0.0,12.3,-4.99,2.85,F# Major,371957,2990414,160
10,2021-04-09,the way i loved you,10,False,161.032,73.2,40.2,4.0522833333333335,4/4,47.2,0.33,0.0,10.8,-4.665,4.84,F Major,713635,13128280,161
10,2021-04-09,forever and always,11,False,128.03,82.1,59.8,3.7554666666666665,4/4,67.30000000000001,2.31,0.0,14.3,-4.433,4.47,Bb Major,417795,6546250,162
10,2021-04-09,the best day,12,False,125.0,57.6,64.2,4.088166666666667,4/4,46.9,48.8,0.0,15.9,-8.524,2.82,C# Major,324638,2212983,163
10,2021-04-09,change,13,False,95.999,81.5,49.9,4.656,4/4,34.4,0.0191,0.0,18.1,-4.063,3.41,F Major,305118,2155119,164
10,2021-04-09,jump then fall,14,False,160.111,69.0,57.2,3.959666666666666,4/4,62.4,4.74,0.0,8.97,-6.201,3.58,D Major,302829,3742610,165
10,2021-04-09,untouchable,15,False,200.391,53.1,39.3,5.201783333333333,4/4,22.4,1.81,0.0,16.900000000000002,-6.112,3.29,F Major,316271,4027448,166
10,2021-04-09,forever and always,16,False,128.03,82.1,59.8,3.7554666666666665,4/4,67.30000000000001,2.31,0.0,14.3,-4.433,4.47,Bb Major,417795,6546250,167
10,2021-04-09,come in with the rain,17,False,143.929,56.39999999999999,47.6,3.95565,4/4,16.7,4.06,0.0,10.2,-5.677,2.69,D Major,257821,2764515,168
10,2021-04-09,superstar,18,False,171.862,55.50000000000001,45.4,4.39775,4/4,17.1,15.7,0.0,34.300000000000004,-6.69,2.83,D Major,241098,2403207,169
10,2021-04-09,the other side of the door,19,False,163.936,87.3,43.2,3.974066666666667,4/4,62.9,2.79,0.0,16.7,-4.367,5.7700000000000005,E Major,337909,5867881,170
10,2021-04-09,today was a fairytale,20,False,158.162,77.9,48.2,4.030366666666667,4/4,32.800000000000004,1.35,0.0,29.6,-5.025,4.09,G Major,285775,3102407,171
11,2021-11-12,state of grace,1,False,129.958,71.3,59.4,4.92355,4/4,32.800000000000004,0.0328,0.0,11.4,-5.314,5.029999999999999,A Major,548747,9098339,172
11,2021-11-12,red,2,False,125.047,77.7,51.6,3.7182166666666654,4/4,40.8,0.108,0.000162,7.61,-4.908,3.75,C# Minor,779206,14480442,173
11,2021-11-12,treacherous,3,False,109.984,59.3,64.5,4.045333333333334,4/4,29.9,3.44,0.0127,13.0,-6.506,2.88,D Major,514463,8435217,174
11,2021-11-12,i knew you were trouble,4,False,154.008,55.7,58.4,3.6626666666666665,4/4,76.7,1.29,0.0,5.76,-6.371,3.42,F# Major,1206179,10931011,175
11,2021-11-12,all too well,5,False,185.972,52.8,44.0,5.486,4/4,13.2,1.71,0.203,23.4,-7.809,3.17,C Major,969915,29046310,176
11,2021-11-12,22,6,False,103.984,69.5,64.2,3.8493333333333335,4/4,64.2,0.0443,0.00102,7.53,-5.62,2.81,G Major,909023,8116722,177
11,2021-11-12,i almost do,7,False,145.88,55.900000000000006,51.1,4.07645,4/4,24.8,1.67,0.0,11.3,-6.587,2.64,E Major,471351,6299915,178
11,2021-11-12,we are never ever getting back together,8,False,172.014,68.60000000000001,56.7,3.219116666666667,4/4,71.6,3.17,0.000186,7.32,-6.139,17.5,G Major,1210938,11691239,179
11,2021-11-12,stay stay stay,9,False,100.02,68.10000000000001,69.3,3.4297833333333334,4/4,66.3,8.48,0.0,7.68,-7.039,2.5,C Major,441643,5001099,180
11,2021-11-12,the last time,10,False,94.05,53.400000000000006,50.2,4.984666666666667,4/4,15.5,3.99,0.0,9.77,-5.954,2.78,D Major,471028,8029310,181
11,2021-11-12,holy ground,11,False,156.894,80.9,62.2,3.3826666666666667,4/4,51.1,2.88,0.218,10.9,-5.623,6.38,A Major,449359,7226150,182
11,2021-11-12,sad beautiful tragic,12,False,130.059,40.6,60.1,4.746216666666666,3/4,23.200000000000003,62.2,0.00919,13.3,-11.827,2.75,G Major,489604,7502659,183
11,2021-11-12,the lucky one,13,False,117.889,57.1,68.60000000000001,4.007783333333333,4/4,53.8,6.6000000000000005,0.0,6.08,-7.138,5.0,E Major,433945,5751054,184
11,2021-11-12,everything has changed,14,False,79.918,61.0,49.8,4.09045,4/4,47.4,27.1,0.0,22.3,-5.098,3.63,F# Major,513666,6446762,185
11,2021-11-12,starlight,15,False,126.014,68.5,62.8,3.67355,4/4,60.5,0.3239999999999999,0.0,18.0,-5.864,3.58,E Major,407889,5051292,186
11,2021-11-12,begin again,16,False,78.915,52.7,51.9,3.981116666666667,4/4,26.700000000000003,7.5,0.0,13.2,-7.673,2.74,G Major,480543,7818478,187
11,2021-11-12,the moment i knew,17,False,125.952,40.2,63.6,4.754666666666667,4/4,20.8,4.94,0.0,10.7,-7.855,3.1,G Major,388652,5241257,188
11,2021-11-12,come back be here,18,False,79.846,63.2,46.0,3.7222166666666654,4/4,39.900000000000006,1.58,0.0,8.219999999999999,-6.031,3.02,E Major,451296,7345404,189
11,2021-11-12,girl at home,19,False,125.089,73.6,69.1,3.675333333333333,4/4,61.2,0.955,0.00188,10.1,-6.974,3.26,F Major,366527,4469575,190
11,2021-11-12,state of grace,20,False,129.958,71.3,59.4,4.92355,4/4,32.800000000000004,0.0328,0.0,11.4,-5.314,5.029999999999999,A Major,548747,9098339,191
11,2021-11-12,all too well,30,True,185.972,52.8,44.0,5.486,4/4,13.2,1.71,0.203,23.4,-7.809,3.17,C Major,969915,29046310,192
12,2023-05-26,lavender haze,1,True,97.05,44.9,73.5,3.373266666666667,4/4,9.55,23.0,0.126,13.2,-10.56,8.83,G Minor,1047875,27916882,193
12,2023-05-26,maroon,2,True,108.058,38.4,65.5,3.63785,4/4,3.84,6.34,0.000145,9.73,-8.29,3.49,G Major,874224,27523503,194
12,2023-05-26,antihero,3,False,96.888,64.8,63.3,3.3448333333333333,4/4,49.0,12.1,0.0002619999999999,16.1,-6.645,6.2,E Major,1347324,34553643,195
12,2023-05-26,snow on the beach,4,True,110.021,32.1,66.3,4.2687333333333335,4/4,15.3,70.1,0.0598,10.7,-13.527,4.09,A Major,891797,16855564,196
12,2023-05-26,you're on your own kid,5,False,120.032,39.0,69.6,3.2367833333333333,4/4,39.5,44.7,0.00155,12.5,-10.331,6.16,D Major,954280,31931191,197
12,2023-05-26,midnight rain,6,False,137.651,37.5,60.4,2.91305,4/4,20.3,71.0,0.0058699999999999,11.6,-11.637,6.329999999999999,C Major,942010,25514297,198
12,2023-05-26,question,7,True,108.874,51.0,65.4,3.5092833333333333,4/4,10.5,20.6,0.0,24.9,-8.767,24.2,G Major,709917,16330532,199
12,2023-05-26,vigilante shit,8,True,79.964,26.700000000000003,87.2,2.7466833333333334,4/4,16.8,16.6,0.00218,12.3,-10.764,38.7,E Minor,816107,17868085,200
12,2023-05-26,bejeweled,9,False,163.994,55.1,68.7,3.2361,4/4,44.3,5.93,0.0143,9.0,-9.202,7.870000000000001,G Major,885020,24401830,201
12,2023-05-26,labyrinth,10,False,110.018,29.5,48.0,4.1327,4/4,13.2,79.7,33.300000000000004,12.0,-15.512,3.84,C Major,745529,16337047,202
12,2023-05-26,karma,11,True,90.008,61.9,64.0,3.4142,4/4,12.1,6.2,0.0,47.5,-7.108,6.5,Ab Major,1063261,28158017,203
12,2023-05-26,sweet nothing,12,False,176.48,16.1,33.6,3.1416166666666667,4/4,40.7,96.8,0.011,11.5,-14.973,4.5600000000000005,C Major,719642,16241292,204
12,2023-05-26,mastermind,13,False,125.96,34.300000000000004,66.0,3.1839833333333334,4/4,13.7,56.49999999999999,0.134,9.22,-14.132,14.000000000000002,E Major,751628,19132651,205
12,2023-05-26,the great war,14,False,96.016,74.7,56.99999999999999,4.005933333333333,4/4,57.4,19.9,0.00232,8.540000000000001,-8.93,3.42,F Major,667720,19081380,206
12,2023-05-26,bigger than the whole sky,15,False,165.564,22.0,42.0,3.6417166666666665,4/4,7.049999999999999,84.1,0.131,11.4,-12.584,4.72,F# Major,566880,11052124,207
12,2023-05-26,paris,16,False,110.94,51.8,70.3,3.270983333333333,4/4,34.7,10.3,0.00289,14.8,-10.501,8.5,G Major,537899,12689101,208
12,2023-05-26,high infidelity,17,False,175.933,54.7,57.1,3.857916666666666,4/4,76.8,70.39999999999999,0.0,8.77,-10.141,10.1,Bb Major,516786,10601593,209
12,2023-05-26,glitch,18,False,140.881,47.0,67.7,2.479683333333333,4/4,34.7,31.4,0.0,11.0,-9.65,25.9,B Minor,480226,9603895,210
12,2023-05-26,would've could've should've,19,False,157.918,84.6,48.5,4.339366666666667,4/4,54.8,39.3,0.1149999999999999,12.4,-6.557,11.7,C Major,639856,19940425,211
12,2023-05-26,dear reader,20,False,107.891,39.0,67.4,3.753233333333333,4/4,15.1,46.400000000000006,0.122,11.6,-11.944,4.83,C Major,487726,10820365,212
12,2023-05-26,snow on the beach,22,True,110.021,32.1,66.3,4.2687333333333335,4/4,15.3,70.1,0.0598,10.7,-13.527,4.09,A Major,891797,16855564,213
12,2023-05-26,karma,23,True,90.008,61.9,64.0,3.4142,4/4,12.1,6.2,0.0,47.5,-7.108,6.5,Ab Major,1063261,28158017,214
13,2023-07-07,mine,1,False,121.101,79.3,64.7,3.861783333333333,4/4,50.0,0.314,0.000193,17.4,-2.903,3.63,G Major,716242,7942318,215
13,2023-07-07,sparks fly,2,False,114.921,76.9,60.5,4.35385,4/4,36.6,2.41,0.0,9.36,-2.413,3.2,F Major,617014,7980237,216
13,2023-07-07,back to december,3,False,141.868,63.5,48.6,4.9031666666666665,4/4,23.5,0.705,0.0,11.9,-3.994,2.78,D Major,828423,10508129,217
13,2023-07-07,speak now,4,False,119.002,68.60000000000001,73.4,4.041216666666666,4/4,59.8,22.5,0.0,13.6,-2.926,3.49,G Major,571922,6935496,218
13,2023-07-07,dear john,5,False,119.447,46.8,37.9,6.765116666666667,3/4,11.5,3.27,0.0,15.8,-5.07,2.98,E Major,534594,6476733,219
13,2023-07-07,mean,6,False,163.949,70.0,52.6,3.9782166666666665,4/4,59.6,32.1,0.0,21.3,-3.95,3.92,E Major,685454,6683054,220
13,2023-07-07,the story of us,7,False,139.787,78.4,51.6,4.460883333333333,4/4,55.2,0.136,0.0,4.99,-2.636,5.63,E Major,595618,7697032,221
13,2023-07-07,never grow up,8,False,125.054,33.900000000000006,68.4,4.882,4/4,57.2,86.7,0.0,19.4,-7.259,2.9000000000000004,D Major,415464,3399540,222
13,2023-07-07,enchanted,9,False,81.949,55.3,52.0,5.88755,4/4,22.7,1.6,0.0,16.5,-3.546,2.69,Ab Major,992530,16306668,223
13,2023-07-07,better than revenge,10,False,145.913,89.3,50.5,3.671783333333333,4/4,65.9,0.0795,0.0,17.8,-3.013,7.71,B Minor,699549,9869833,224
13,2023-07-07,innocent,11,False,133.583,61.1,52.400000000000006,5.020366666666667,4/4,12.6,9.72,0.0,12.7,-5.298,2.97,C# Minor,382435,3520797,225
13,2023-07-07,haunted,12,False,162.025,91.6,44.0,4.090216666666667,4/4,37.1,0.5519999999999999,0.0,25.2,-1.927,6.29,F Major,500258,6682962,226
13,2023-07-07,last kiss,13,False,79.573,36.2,55.7,6.152,3/4,18.7,44.3,0.000357,10.0,-8.641,2.63,Bb Major,488470,6085813,227
13,2023-07-07,long live,14,False,203.826,62.8,38.0,5.299333333333333,4/4,9.84,1.62,0.0,22.7,-4.054,3.8,C Major,486941,5790436,228
13,2023-07-07,ours,15,False,159.824,47.5,53.900000000000006,3.93005,4/4,29.3,42.0,0.0,10.9,-8.411,2.87,C Major,355715,3202883,229
13,2023-07-07,superman,16,False,131.898,73.3,53.7,4.582416666666667,4/4,34.7,0.207,0.0,11.0,-3.506,3.02,G Major,316059,2993586,230
13,2023-07-07,electric touch,17,False,131.068,85.39999999999999,54.7,4.441116666666667,4/4,26.0,1.7999999999999998,0.0,15.6,-4.753,5.26,G Major,407887,5648184,231
13,2023-07-07,when emma falls in love,18,False,77.879,75.9,52.400000000000006,4.206433333333333,4/4,23.4,16.8,0.0,10.4,-4.714,4.71,D Major,388035,4626222,232
13,2023-07-07,i can see you,19,False,123.054,76.8,69.5,4.5531,4/4,81.3,5.7700000000000005,0.0,4.26,-4.883,3.44,F# Major,613577,12448637,233
13,2023-07-07,castles crumbling,20,False,147.781,56.49999999999999,57.8,5.1010333333333335,4/4,35.099999999999994,34.2,0.0,6.619999999999999,-8.064,4.41,G Major,396763,5272586,234
14,2023-10-27,welcome to new york,1,False,116.989,60.2,76.0,3.543333333333333,4/4,68.5,0.661,0.0133,32.5,-4.871,3.16,G Major,701925,8520545,235
14,2023-10-27,blank space,2,False,96.035,71.89999999999999,73.2,3.863883333333333,4/4,71.0,9.01,0.0,33.1,-5.469,6.45,C Major,1831392,28199068,236
14,2023-10-27,style,3,False,94.884,82.1,51.4,3.85,4/4,29.8,0.0456,2.32,9.46,-4.803,4.44,G Major,1595281,34101657,237
14,2023-10-27,out of the woods,4,False,91.981,88.4,54.400000000000006,3.93,4/4,18.4,0.0466,0.0134,38.1,-5.973,3.83,G Major,800099,14702338,238
14,2023-10-27,all you had to do was stay,5,False,97.069,71.3,58.9,3.221483333333333,4/4,54.0,0.0778,0.0,18.8,-5.614,3.08,C Major,671264,10321260,239
14,2023-10-27,shake it off,6,False,160.052,80.5,63.2,3.653483333333333,4/4,90.3,1.12,0.00251,15.6,-5.707,6.9,G Major,1626826,18819488,240
14,2023-10-27,i wish you would,7,False,118.032,85.3,67.10000000000001,3.460833333333333,4/4,52.3,0.388,0.000948,8.12,-6.568,4.17,C Major,611116,8836929,241
14,2023-10-27,bad blood,8,False,169.999,71.1,62.4,3.5184,4/4,34.7,3.69,0.000313,19.0,-6.347,15.9,G Major,1176253,14236568,242
14,2023-10-27,wildest dreams,9,False,139.993,66.3,58.7,3.673883333333333,4/4,53.900000000000006,3.4799999999999995,0.00995,9.71,-7.439,5.98,Ab Major,1238264,15707359,243
14,2023-10-27,how you get the girl,10,False,120.014,67.0,76.1,4.12555,4/4,51.9,0.198,0.00108,8.73,-5.956,5.37,F Major,620673,8406077,244
14,2023-10-27,this love,11,False,144.039,49.4,47.0,4.168333333333333,4/4,5.24,30.2,0.0,6.72,-8.672,3.49,E Major,657595,12704687,245
14,2023-10-27,i know places,12,False,160.015,80.7,57.2,3.2616666666666667,4/4,62.6,8.459999999999999,0.0,7.1,-5.348,5.74,C Major,573262,8476102,246
14,2023-10-27,clean,13,False,103.99,37.9,78.2,4.516666666666667,4/4,26.700000000000003,29.7,0.00298,10.3,-8.964,3.03,E Major,620027,10559644,247
14,2023-10-27,wonderland,14,False,123.18,70.3,38.7,4.092783333333333,5/4,32.0,1.05,0.0011,12.8,-5.956,5.45,Eb Major,522153,7890926,248
14,2023-10-27,you are in love,15,False,85.079,50.9,55.400000000000006,4.456483333333333,4/4,40.1,57.2,0.000208,11.3,-9.403,4.55,D Major,505788,7795704,249
14,2023-10-27,new romantics,16,False,122.017,84.8,65.3,3.8363,4/4,72.39999999999999,0.516,0.000424,7.979999999999999,-5.936,5.83,F Major,751086,14660174,250
14,2023-10-27,slut,17,False,77.978,41.5,62.1,3.00635,4/4,31.3,33.0,0.0112,6.34,-13.187,5.43,D Major,678017,17562986,251
14,2023-10-27,say don't go,18,False,109.962,53.900000000000006,63.2,4.663883333333334,4/4,18.6,6.84,0.000582,13.2,-8.375,3.42,E Major,536055,12091645,252
14,2023-10-27,now that we don't talk,19,False,109.994,50.9,80.0,2.4406166666666667,4/4,7.68,16.0,0.0030499999999999,8.34,-9.386,3.4000000000000004,C Major,648244,19440270,253
14,2023-10-27,suburban legends,20,False,118.043,60.7,69.5,2.86365,4/4,39.4,21.2,0.0,10.2,-8.84,3.5700000000000003,C Major,456144,8853479,254
14,2023-10-27,bad blood,22,False,169.999,71.1,62.4,3.5184,4/4,34.7,3.69,0.000313,19.0,-6.347,15.9,G Major,1176253,14236568,255
15,2024-04-19,fortnight,1,False,192.004,38.6,50.4,3.816083333333333,4/4,28.1,50.2,0.00153,9.61,-10.976,3.08,B Major,1046217,24609931,256
15,2024-04-19,the tortured poets department,2,True,110.259,42.8,60.4,4.884133333333334,4/4,29.2,4.83,0.0,12.6,-8.441,2.55,C Major,627899,13577786,257
15,2024-04-19,my boy only breaks his favorite toys,3,False,97.073,56.3,59.6,3.3966833333333333,4/4,48.1,13.7,0.0,30.2,-7.362,2.69,C Major,649383,18408668,258
15,2024-04-19,down bad,4,True,159.707,36.6,54.1,4.3538,4/4,16.8,56.00000000000001,0.0001,9.46,-10.412,7.48,B Major,685540,18282508,259
15,2024-04-19,so long london,5,False,160.218,53.3,42.3,4.382916666666667,4/4,24.8,73.0,0.264,8.16,-11.388,32.2,A Major,655307,17800950,260
15,2024-04-19,but daddy i love him,6,True,79.943,72.0,52.1,5.6738,4/4,43.8,38.4,0.0,13.5,-7.684,10.4,E Major,589363,14076362,261
15,2024-04-19,fresh out the slammer,7,False,87.115,48.3,33.0,3.51315,4/4,34.0,62.4,0.0,11.1,-9.394,3.99,A Major,546991,14120090,262
15,2024-04-19,florida,8,True,150.088,57.3,53.3,3.59105,4/4,39.8,17.8,0.0,30.9,-7.123,13.8,C Major,617459,13318926,263
15,2024-04-19,guilty as sin,9,False,94.95,42.8,62.6,4.239433333333333,3/4,48.7,60.7,0.0,9.21,-8.374,2.6100000000000003,D Major,672278,23861933,264
15,2024-04-19,who's afraid of little old me,10,False,119.88,33.800000000000004,60.6,5.568083333333333,4/4,23.8,31.5,0.0,10.6,-10.555,4.8,C Major,608872,15037038,265
15,2024-04-19,i can fix him,11,False,106.896,25.7,66.10000000000001,2.604966666666667,4/4,31.8,76.8,0.000172,17.599999999999998,-13.961,4.5,F# Minor,498448,9181337,266
15,2024-04-19,loml,12,True,78.539,27.200000000000003,42.3,4.619283333333334,3/4,19.5,85.8,0.0,10.8,-12.56,4.89,C Major,585907,17172936,267
15,2024-04-19,i can do it with a broken heart,13,True,129.994,75.1,70.1,3.6334166666666654,4/4,22.0,12.3,0.0,15.0,-8.39,5.0200000000000005,C Major,787853,19823392,268
15,2024-04-19,the smallest man who ever lived,14,True,142.377,41.0,42.6,4.092366666666667,1/4,26.3,52.0,0.0,33.800000000000004,-9.083,5.81,Bb Major,538660,15425730,269
15,2024-04-19,the alchemy,15,False,100.056,42.1,64.0,3.2816666666666667,4/4,35.3,42.2,0.0,10.3,-8.802,2.73,C Major,516527,12187684,270
15,2024-04-19,clara bow,16,False,104.088,31.8,68.60000000000001,3.611033333333333,4/4,21.4,63.6,0.144,10.6,-11.046,2.63,G Major,464175,8727062,271
15,2024-04-19,the black dog,17,True,154.042,27.0,52.7,3.98095,4/4,23.0,70.7,0.0,10.2,-10.855,3.8,C Major,454343,12568329,272
15,2024-04-19,imgonnagetyouback,18,False,110.007,39.1,78.4,3.7012,4/4,15.0,60.8,0.0,25.2,-9.471,6.329999999999999,A Major,485824,13583004,273
15,2024-04-19,the albatross,19,False,172.013,47.9,35.2,3.06465,4/4,29.2,65.5,0.0,9.35,-8.942,5.83,D Major,414119,8386275,274
15,2024-04-19,chloe or sam or sophia or marcus,20,False,70.266,45.1,51.6,3.554683333333333,4/4,21.8,78.0,0.0,10.5,-8.552,4.46,C Major,433641,10837051,275
16,2025-10-03,the fate of ophelia,1,False,124.0,60.0,73.0,3.76666,4/4,52.0,27.0,0.0,10.0,-5.0,3.0,F Major,1031966,25009688,276
16,2025-10-03,elizabeth taylor,2,False,82.0,63.0,62.0,3.466666,4/4,56.0,36.0,0.0,12.0,-7.0,4.0,D Major,576400,10229718,277
16,2025-10-03,opalite,3,False,125.0,82.0,81.0,3.916666,4/4,80.0,8.0,0.0,4.0,-5.0,4.0,E Minor,743830,14719866,278
16,2025-10-03,father figure,4,True,94.0,66.0,75.0,3.55,4/4,32.0,30.0,0.0,25.0,-6.0,4.0,B Minor,517136,10644153,279
16,2025-10-03,eldest daughter,5,True,77.0,32.0,47.0,4.1,4/4,32.0,81.0,0.0,13.0,-7.0,3.0,G Major,467110,6103947,280
16,2025-10-03,ruin the friendship,6,False,160.0,70.0,62.0,3.68333,4/4,59.0,37.0,0.0,10.0,-6.0,11.0,G Major,470202,7876159,281
16,2025-10-03,actually romantic,7,True,170.0,43.0,71.0,2.73333,4/4,72.0,50.0,0.0,10.0,-8.0,17.0,C# Minor,523270,8189102,282
16,2025-10-03,wih lit,8,True,148.0,49.0,69.0,3.45,4/4,48.0,30.0,0.0,8.0,-7.0,4.0,C Major,478544,7928062,283
16,2025-10-03,wood,9,True,100.0,71.0,80.0,2.516666,4/4,78.0,27.0,0.0,59.0,-7.0,19.0,F Major,508561,8113466,284
16,2025-10-03,cancelled,10,True,91.0,40.0,73.0,3.51666,4/4,46.0,53.0,0.0,19.0,-9.0,4.0,G Minor,474582,7532940,285
16,2025-10-03,honey,11,True,164.0,54.0,68.0,3.03333,4/4,54.0,39.0,0.0,33.0,-7.0,10.0,B Minor,416403,6529308,286
16,2025-10-03,the life of a showgirl,12,True,157.0,54.0,54.0,4.03333,4/4,49.0,26.0,0.0,49.0,-8.0,14.0,C Major,523758,6988117,287
